{
  "runeprofit": {
    "version": "1.0.0",
    "releaseDate": "2024-01-15",
    "downloads": {
      "flutter_app": {
        "android_apk": {
          "file": "runeprofit-android.apk",
          "size": "25.6 MB",
          "description": "Android APK for direct installation"
        },
        "android_bundle": {
          "file": "runeprofit-android.aab",
          "size": "23.2 MB",
          "description": "Android App Bundle for Play Store"
        },
        "web": {
          "folder": "runeprofit-web",
          "description": "Web version - host on any web server"
        },
        "ios": {
          "note": "iOS build requires Xcode and Apple Developer account"
        }
      },
      "runelite_plugin": {
        "jar": {
          "file": "runeprofit-runelite-plugin.jar",
          "size": "156 KB",
          "description": "RuneLite plugin JAR file"
        }
      }
    },
    "installation": {
      "flutter_app": {
        "android": [
          "Download runeprofit-android.apk",
          "Enable 'Install from Unknown Sources' in Android settings",
          "Open the APK file and install",
          "Launch RuneProfit from your app drawer"
        ],
        "web": [
          "Download and extract runeprofit-web folder",
          "Host the contents on a web server",
          "Access via browser at your hosted URL"
        ]
      },
      "runelite_plugin": [
        "Download runeprofit-runelite-plugin.jar",
        "Copy to RuneLite plugins folder:",
        "  Windows: %USERPROFILE%\\.runelite\\plugins",
        "  macOS: ~/.runelite/plugins",
        "  Linux: ~/.runelite/plugins",
        "Restart RuneLite",
        "Enable RuneProfit in plugin settings"
      ]
    },
    "features": {
      "flutter_app": [
        "Real-time price data from RuneScape Wiki API",
        "50+ money-making methods with current profit calculations",
        "Live flipping opportunities updated every 5 minutes",
        "Player stats lookup from OSRS hiscores",
        "Goal tracking and progress monitoring",
        "Profit calculator for investment planning",
        "Dark/light theme with OSRS styling",
        "Offline support with cached data"
      ],
      "runelite_plugin": [
        "In-game overlay with key information",
        "Automatic GE transaction tracking",
        "Real-time flip opportunity notifications",
        "Method recommendations based on your stats",
        "Loot tracking for PvM profit analysis",
        "Configurable settings and filters",
        "Integration with RuneLite's existing features"
      ]
    },
    "requirements": {
      "flutter_app": {
        "android": "Android 5.0+ (API level 21)",
        "ios": "iOS 11.0+",
        "web": "Modern web browser with JavaScript enabled"
      },
      "runelite_plugin": {
        "runelite": "RuneLite 1.10.26+",
        "java": "Java 11+",
        "internet": "Internet connection for price updates"
      }
    }
  }
}
