[
  {
    "id": "dragon_bones",
    "itemName": "Dragon bones",
    "buyPrice": 2750,
    "sellPrice": 2850,
    "potentialProfit": 100,
    "volume": 500000,
    "imageUrl": "",
    "lastUpdated": "2024-01-15T12:30:00Z",
    "profitMargin": 3.6,
    "roi": 3.6
  },
  {
    "id": "zulrah_scales",
    "itemName": "Zulrah's scales",
    "buyPrice": 175,
    "sellPrice": 185,
    "potentialProfit": 10,
    "volume": 2000000,
    "imageUrl": "",
    "lastUpdated": "2024-01-15T12:30:00Z",
    "profitMargin": 5.7,
    "roi": 5.7
  },
  {
    "id": "cannonball",
    "itemName": "Cannonball",
    "buyPrice": 185,
    "sellPrice": 195,
    "potentialProfit": 10,
    "volume": 1500000,
    "imageUrl": "",
    "lastUpdated": "2024-01-15T12:30:00Z",
    "profitMargin": 5.4,
    "roi": 5.4
  },
  {
    "id": "sara_brew",
    "itemName": "Saradomin brew(4)",
    "buyPrice": 11500,
    "sellPrice": 12200,
    "potentialProfit": 700,
    "volume": 100000,
    "imageUrl": "",
    "lastUpdated": "2024-01-15T12:30:00Z",
    "profitMargin": 6.1,
    "roi": 6.1
  },
  {
    "id": "abyssal_whip",
    "itemName": "Abyssal whip",
    "buyPrice": 1750000,
    "sellPrice": 1850000,
    "potentialProfit": 100000,
    "volume": 2000,
    "imageUrl": "",
    "lastUpdated": "2024-01-15T12:30:00Z",
    "profitMargin": 5.7,
    "roi": 5.7
  }
]
