[
  {
    "id": "vorkath",
    "name": "Killing Vorkath",
    "description": "High-level dragon boss with consistent drops and rare uniques. One of the most profitable PvM activities.",
    "gpPerHour": 3500000,
    "skillRequirements": {
      "ranged": 80,
      "defence": 75,
      "hitpoints": 75,
      "prayer": 43
    },
    "itemRequirements": [
      "Dragon hunter crossbow or Toxic blowpipe",
      "Void knight equipment or Elite void",
      "Salve amulet (ei)",
      "Super antifire potions",
      "Antivenom+ or Antipoison++"
    ],
    "steps": [
      "Complete Dragon Slayer II quest to unlock Vorkath",
      "Gear up with your best ranged equipment and void",
      "Bring super antifire potions and antivenom+",
      "Use the Fremennik boots teleport or house portal",
      "Kill Vorkath using the 'woox walk' method for maximum efficiency",
      "Bank loot and repeat - aim for 25+ kills per hour"
    ],
    "ironmanFriendly": false,
    "imageUrl": "",
    "difficulty": "Very Hard",
    "category": "Combat",
    "requirements": ["Dragon Slayer II quest", "High combat stats", "Expensive gear"]
  },
  {
    "id": "toa_raids",
    "name": "Tombs of Amascut (Raids 3)",
    "description": "Newest raid content with scalable difficulty and valuable rewards including Masori armor.",
    "gpPerHour": 4500000,
    "skillRequirements": {
      "attack": 90,
      "strength": 90,
      "defence": 90,
      "ranged": 90,
      "magic": 94,
      "prayer": 77
    },
    "itemRequirements": [
      "Osmumten's fang or Scythe of vitur",
      "Masori armor or Armadyl",
      "Ancestral robes",
      "Twisted bow",
      "Various high-level supplies"
    ],
    "steps": [
      "Complete Beneath Cursed Sands quest",
      "Learn all 8 room mechanics and Warden phases",
      "Start with entry mode (150+ invocation)",
      "Progress to expert mode (300+ invocation)",
      "Master advanced strategies for high invocations",
      "Aim for sub-30 minute completions"
    ],
    "ironmanFriendly": true,
    "imageUrl": "",
    "difficulty": "Extreme",
    "category": "Combat",
    "requirements": ["Beneath Cursed Sands quest", "Max combat stats", "Billions in gear"]
  },
  {
    "id": "nex",
    "name": "Killing Nex",
    "description": "High-level boss from GWD with valuable unique drops including Torva armor.",
    "gpPerHour": 3200000,
    "skillRequirements": {
      "attack": 90,
      "strength": 90,
      "defence": 90,
      "ranged": 90,
      "magic": 85,
      "prayer": 77
    },
    "itemRequirements": [
      "Zaryte crossbow or Twisted bow",
      "Masori armor or Armadyl",
      "Ancestral robes for blood phase",
      "Dragon claws",
      "Ecumenical keys"
    ],
    "steps": [
      "Complete Desert Treasure and The Frozen Door",
      "Learn all 4 phases: Smoke, Shadow, Blood, Ice",
      "Master gear switches between phases",
      "Use proper positioning and timing",
      "Bank efficiently at War's Retreat or house"
    ],
    "ironmanFriendly": true,
    "imageUrl": "",
    "difficulty": "Very Hard",
    "category": "Combat",
    "requirements": ["Desert Treasure quest", "High combat stats", "Expensive gear"]
  },
  {
    "id": "phantom_muspah",
    "name": "Killing Phantom Muspah",
    "description": "Solo boss with unique mechanics and valuable drops including Venator bow.",
    "gpPerHour": 2800000,
    "skillRequirements": {
      "ranged": 85,
      "defence": 80,
      "hitpoints": 80,
      "prayer": 77
    },
    "itemRequirements": [
      "Twisted bow or Armadyl crossbow",
      "Masori armor or Armadyl",
      "Venator ring",
      "Divine ranging potions",
      "Prayer potions"
    ],
    "steps": [
      "Complete Secrets of the North quest",
      "Learn the shield and spike mechanics",
      "Master the prayer switching patterns",
      "Use proper positioning during special attacks",
      "Maintain high DPS throughout the fight"
    ],
    "ironmanFriendly": true,
    "imageUrl": "",
    "difficulty": "Hard",
    "category": "Combat",
    "requirements": ["Secrets of the North quest", "High ranged level"]
  },
  {
    "id": "cox_cms",
    "name": "Chambers of Xeric (Challenge Mode)",
    "description": "Enhanced version of CoX with increased difficulty and better rewards.",
    "gpPerHour": 3800000,
    "skillRequirements": {
      "attack": 90,
      "strength": 90,
      "defence": 90,
      "ranged": 90,
      "magic": 94,
      "prayer": 77
    },
    "itemRequirements": [
      "Twisted bow",
      "Dragon hunter lance",
      "Ancestral robes",
      "Bandos armor",
      "Dragon claws"
    ],
    "steps": [
      "Master regular CoX first",
      "Learn enhanced room mechanics",
      "Practice advanced Olm strategies",
      "Form experienced team",
      "Aim for efficient completions"
    ],
    "ironmanFriendly": true,
    "imageUrl": "",
    "difficulty": "Extreme",
    "category": "Combat",
    "requirements": ["CoX experience", "Max combat stats", "Top-tier gear"]
  },
  {
    "id": "tob_hmt",
    "name": "Theatre of Blood (Hard Mode)",
    "description": "Enhanced ToB with increased difficulty and exclusive rewards.",
    "gpPerHour": 5000000,
    "skillRequirements": {
      "attack": 90,
      "strength": 90,
      "defence": 90,
      "ranged": 90,
      "magic": 94,
      "prayer": 77
    },
    "itemRequirements": [
      "Scythe of vitur",
      "Twisted bow",
      "Ancestral robes",
      "Torva armor",
      "Various high-level supplies"
    ],
    "steps": [
      "Master regular ToB completely",
      "Learn hard mode mechanics",
      "Practice enhanced boss strategies",
      "Form elite team",
      "Execute perfect runs consistently"
    ],
    "ironmanFriendly": true,
    "imageUrl": "",
    "difficulty": "Extreme",
    "category": "Combat",
    "requirements": ["ToB mastery", "Max combat stats", "Billions in gear"]
  },
  {
    "id": "corrupted_gauntlet",
    "name": "Corrupted Gauntlet",
    "description": "Enhanced solo PvM challenge with valuable crystal armor seed rewards.",
    "gpPerHour": 2600000,
    "skillRequirements": {
      "attack": 80,
      "strength": 80,
      "defence": 80,
      "ranged": 80,
      "magic": 80,
      "prayer": 77
    },
    "itemRequirements": [
      "No items required (supplies gathered inside)",
      "High-level food recommended",
      "Prayer potions"
    ],
    "steps": [
      "Complete Song of the Elves quest",
      "Master regular Gauntlet first",
      "Learn efficient resource gathering",
      "Practice Hunllef fight mechanics",
      "Aim for consistent 7-8 minute completions"
    ],
    "ironmanFriendly": true,
    "imageUrl": "",
    "difficulty": "Very Hard",
    "category": "Combat",
    "requirements": ["Song of the Elves quest", "High combat stats"]
  },
  {
    "id": "hydra",
    "name": "Killing Alchemical Hydra",
    "description": "High-level slayer boss with valuable drops and consistent profit.",
    "gpPerHour": 2400000,
    "skillRequirements": {
      "attack": 85,
      "strength": 85,
      "defence": 85,
      "ranged": 85,
      "slayer": 95
    },
    "itemRequirements": [
      "Twisted bow or Dragon hunter lance",
      "Bandos armor or Barrows",
      "Ferocious gloves",
      "Slayer helmet (i)",
      "Anti-venom+"
    ],
    "steps": [
      "Get Hydra slayer task",
      "Learn all 4 phase mechanics",
      "Master the flame wall positioning",
      "Use proper gear switches",
      "Maintain high kill rate per task"
    ],
    "ironmanFriendly": true,
    "imageUrl": "",
    "difficulty": "Hard",
    "category": "Combat",
    "requirements": ["95 Slayer", "Karuulm Slayer Dungeon access"]
  },
  {
    "id": "cerberus",
    "name": "Killing Cerberus",
    "description": "High-level slayer boss with valuable boot upgrades and consistent drops.",
    "gpPerHour": 2100000,
    "skillRequirements": {
      "attack": 85,
      "strength": 85,
      "defence": 85,
      "prayer": 77,
      "slayer": 91
    },
    "itemRequirements": [
      "Abyssal bludgeon or Inquisitor's mace",
      "Bandos armor",
      "Spectral spirit shield",
      "Prayer potions",
      "High-level food"
    ],
    "steps": [
      "Get Hellhound slayer task",
      "Learn the ghost and lava attack patterns",
      "Use spectral shield for ghost protection",
      "Master prayer switching",
      "Bank efficiently between trips"
    ],
    "ironmanFriendly": true,
    "imageUrl": "",
    "difficulty": "Hard",
    "category": "Combat",
    "requirements": ["91 Slayer", "Key to Cerberus' lair"]
  },
  {
    "id": "blood_runes",
    "name": "Crafting Blood Runes",
    "description": "AFK runecrafting method with high profit margins. Very popular among players.",
    "gpPerHour": 1400000,
    "skillRequirements": {
      "runecraft": 77,
      "mining": 38,
      "crafting": 38
    },
    "itemRequirements": [
      "Chisel",
      "Pickaxe",
      "Blood essence (optional but recommended)"
    ],
    "steps": [
      "Mine dense essence blocks in the Arceuus essence mine",
      "Chisel the blocks into dense essence fragments",
      "Use the fragments on the Dark Altar to create dark essence blocks",
      "Chisel the dark essence blocks into dark essence fragments",
      "Use the fragments on the Blood Altar to create blood runes",
      "Repeat - very AFK once you get into rhythm"
    ],
    "ironmanFriendly": true,
    "imageUrl": "",
    "difficulty": "Medium",
    "category": "Skilling",
    "requirements": ["77 Runecraft", "Access to Zeah"]
  },
  {
    "id": "soul_runes",
    "name": "Crafting Soul Runes",
    "description": "High-level runecrafting with excellent profit and moderate AFK.",
    "gpPerHour": 1600000,
    "skillRequirements": {
      "runecraft": 90,
      "mining": 38,
      "crafting": 38
    },
    "itemRequirements": [
      "Chisel",
      "Pickaxe",
      "Soul essence (optional)"
    ],
    "steps": [
      "Mine dense essence blocks",
      "Process at Dark Altar",
      "Craft at Soul Altar",
      "Use soul essence for extra runes",
      "Bank efficiently for maximum profit"
    ],
    "ironmanFriendly": true,
    "imageUrl": "",
    "difficulty": "Medium",
    "category": "Skilling",
    "requirements": ["90 Runecraft", "Access to Zeah"]
  },
  {
    "id": "herb_runs_snapdragon",
    "name": "Herb Runs (Snapdragon)",
    "description": "Premium herb runs with snapdragon seeds for maximum profit.",
    "gpPerHour": 1800000,
    "skillRequirements": {
      "farming": 62
    },
    "itemRequirements": [
      "Magic secateurs",
      "Seed dibber",
      "Snapdragon seeds",
      "Ultracompost",
      "Farming cape (optional)"
    ],
    "steps": [
      "Visit all 9 herb patches",
      "Plant snapdragon seeds with ultracompost",
      "Use magic secateurs for increased yield",
      "Complete runs every 80 minutes",
      "Consider doing tree runs alongside"
    ],
    "ironmanFriendly": true,
    "imageUrl": "",
    "difficulty": "Easy",
    "category": "Skilling",
    "requirements": ["62 Farming", "Various quest completions"]
  },
  {
    "id": "herb_runs_ranarr",
    "name": "Herb Runs (Ranarr)",
    "description": "Consistent herb runs with ranarr seeds for reliable profit.",
    "gpPerHour": 1200000,
    "skillRequirements": {
      "farming": 32
    },
    "itemRequirements": [
      "Magic secateurs",
      "Seed dibber",
      "Ranarr seeds",
      "Ultracompost"
    ],
    "steps": [
      "Visit all herb patches",
      "Plant ranarr seeds with ultracompost",
      "Harvest with magic secateurs",
      "Repeat every 80 minutes",
      "Bank herbs efficiently"
    ],
    "ironmanFriendly": true,
    "imageUrl": "",
    "difficulty": "Easy",
    "category": "Skilling",
    "requirements": ["32 Farming"]
  },
  {
    "id": "fruit_tree_runs",
    "name": "Fruit Tree Runs",
    "description": "Daily fruit tree runs for passive farming XP and profit.",
    "gpPerHour": 800000,
    "skillRequirements": {
      "farming": 27
    },
    "itemRequirements": [
      "Fruit tree saplings",
      "Spade",
      "Ultracompost",
      "Payment items"
    ],
    "steps": [
      "Visit all 6 fruit tree patches",
      "Plant saplings with payment",
      "Use ultracompost for disease protection",
      "Check health daily",
      "Replant when fully grown"
    ],
    "ironmanFriendly": true,
    "imageUrl": "",
    "difficulty": "Easy",
    "category": "Skilling",
    "requirements": ["Various farming levels", "Quest completions"]
  },
  {
    "id": "blast_furnace_rune",
    "name": "Blast Furnace (Rune Bars)",
    "description": "Smithing method that produces high profit with moderate effort.",
    "gpPerHour": 1100000,
    "skillRequirements": {
      "smithing": 85
    },
    "itemRequirements": [
      "Runite ore",
      "Coal",
      "Ice gloves",
      "Stamina potions",
      "GP for workers"
    ],
    "steps": [
      "Pay the Blast Furnace workers",
      "Load coal and runite ore onto conveyor",
      "Collect bars with ice gloves",
      "Bank efficiently",
      "Repeat for consistent profit"
    ],
    "ironmanFriendly": false,
    "imageUrl": "",
    "difficulty": "Medium",
    "category": "Skilling",
    "requirements": ["85 Smithing", "Initial investment"]
  },
  {
    "id": "blast_furnace_addy",
    "name": "Blast Furnace (Adamant Bars)",
    "description": "Lower-level smithing method with decent profit margins.",
    "gpPerHour": 800000,
    "skillRequirements": {
      "smithing": 70
    },
    "itemRequirements": [
      "Adamantite ore",
      "Coal",
      "Ice gloves",
      "Stamina potions"
    ],
    "steps": [
      "Pay workers and load ores",
      "Collect adamant bars",
      "Bank efficiently",
      "Good alternative to rune bars"
    ],
    "ironmanFriendly": false,
    "imageUrl": "",
    "difficulty": "Medium",
    "category": "Skilling",
    "requirements": ["70 Smithing"]
  },
  {
    "id": "hunter_chins_red",
    "name": "Hunting Red Chinchompas",
    "description": "Popular hunter training method with good profit potential.",
    "gpPerHour": 900000,
    "skillRequirements": {
      "hunter": 63
    },
    "itemRequirements": [
      "Box traps",
      "Stamina potions",
      "Teleports"
    ],
    "steps": [
      "Set up 5 box traps",
      "Monitor and reset traps",
      "Watch for PKers in Wilderness",
      "Bank regularly to avoid losses",
      "Consider private hunting area"
    ],
    "ironmanFriendly": true,
    "imageUrl": "",
    "difficulty": "Easy",
    "category": "Skilling",
    "requirements": ["63 Hunter", "Wilderness awareness"]
  },
  {
    "id": "hunter_chins_black",
    "name": "Hunting Black Chinchompas",
    "description": "Higher-level chinchompa hunting with increased profit but more risk.",
    "gpPerHour": 1300000,
    "skillRequirements": {
      "hunter": 73
    },
    "itemRequirements": [
      "Box traps",
      "Stamina potions",
      "Combat gear for PKers"
    ],
    "steps": [
      "Set up traps in Wilderness",
      "Be prepared for PvP encounters",
      "Use private hunting ground if available",
      "Bank frequently due to PK risk",
      "Consider peak/off-peak times"
    ],
    "ironmanFriendly": true,
    "imageUrl": "",
    "difficulty": "Medium",
    "category": "Skilling",
    "requirements": ["73 Hunter", "PvP awareness"]
  },
  {
    "id": "mining_amethyst",
    "name": "Mining Amethyst",
    "description": "High-level AFK mining with consistent profit from amethyst.",
    "gpPerHour": 700000,
    "skillRequirements": {
      "mining": 92
    },
    "itemRequirements": [
      "Dragon pickaxe or better",
      "Varrock armor 4",
      "Mining cape (optional)"
    ],
    "steps": [
      "Access amethyst crystals in Mining Guild",
      "Mine with best pickaxe available",
      "Very AFK - 5 minute respawn timer",
      "Bank when inventory is full",
      "Craft into bolt tips or sell raw"
    ],
    "ironmanFriendly": true,
    "imageUrl": "",
    "difficulty": "Easy",
    "category": "Skilling",
    "requirements": ["92 Mining", "Mining Guild access"]
  },
  {
    "id": "fishing_anglerfish",
    "name": "Fishing Anglerfish",
    "description": "High-level fishing method with excellent profit from anglerfish.",
    "gpPerHour": 900000,
    "skillRequirements": {
      "fishing": 82
    },
    "itemRequirements": [
      "Dragon harpoon or Infernal harpoon",
      "Fishing cape (optional)",
      "Sandworms for bait"
    ],
    "steps": [
      "Complete Barbarian Herblore training",
      "Fish at Port Piscarilius",
      "Use sandworms as bait",
      "Bank regularly",
      "Consider cooking for extra profit"
    ],
    "ironmanFriendly": true,
    "imageUrl": "",
    "difficulty": "Medium",
    "category": "Skilling",
    "requirements": ["82 Fishing", "Barbarian training"]
  },
  {
    "id": "fishing_karambwans",
    "name": "Fishing Karambwans",
    "description": "Popular fishing method with good profit and cooking potential.",
    "gpPerHour": 650000,
    "skillRequirements": {
      "fishing": 65
    },
    "itemRequirements": [
      "Karambwan vessel",
      "Raw karambwanji for bait",
      "Cooking gauntlets (if cooking)"
    ],
    "steps": [
      "Complete Tai Bwo Wannai Trio quest",
      "Fish at Karamja",
      "Use karambwanji as bait",
      "Consider cooking for extra profit",
      "Bank efficiently"
    ],
    "ironmanFriendly": true,
    "imageUrl": "",
    "difficulty": "Easy",
    "category": "Skilling",
    "requirements": ["65 Fishing", "Tai Bwo Wannai Trio"]
  },
  {
    "id": "woodcutting_redwoods",
    "name": "Cutting Redwood Trees",
    "description": "High-level AFK woodcutting with decent profit from redwood logs.",
    "gpPerHour": 500000,
    "skillRequirements": {
      "woodcutting": 90
    },
    "itemRequirements": [
      "Dragon axe or better",
      "Lumberjack outfit (optional)",
      "Woodcutting cape (optional)"
    ],
    "steps": [
      "Access Redwood trees in Woodcutting Guild",
      "Very AFK cutting method",
      "Bank when inventory is full",
      "Consider fletching for extra profit",
      "Use bird nests for additional income"
    ],
    "ironmanFriendly": true,
    "imageUrl": "",
    "difficulty": "Easy",
    "category": "Skilling",
    "requirements": ["90 Woodcutting", "Woodcutting Guild access"]
  },
  {
    "id": "woodcutting_yews",
    "name": "Cutting Yew Trees",
    "description": "Classic AFK woodcutting method with consistent profit.",
    "gpPerHour": 400000,
    "skillRequirements": {
      "woodcutting": 60
    },
    "itemRequirements": [
      "Rune axe or better",
      "Lumberjack outfit (optional)"
    ],
    "steps": [
      "Cut yew trees at various locations",
      "Edgeville or Woodcutting Guild recommended",
      "Very AFK method",
      "Bank logs regularly",
      "Consider fletching yew longbows"
    ],
    "ironmanFriendly": true,
    "imageUrl": "",
    "difficulty": "Easy",
    "category": "Skilling",
    "requirements": ["60 Woodcutting"]
  },
  {
    "id": "cooking_karambwans",
    "name": "Cooking Karambwans",
    "description": "Fast cooking method with good profit margins.",
    "gpPerHour": 800000,
    "skillRequirements": {
      "cooking": 30
    },
    "itemRequirements": [
      "Raw karambwans",
      "Cooking gauntlets",
      "Access to range"
    ],
    "steps": [
      "Complete Tai Bwo Wannai Trio quest",
      "Cook at Hosidius kitchen or other range",
      "Use cooking gauntlets to reduce burning",
      "1-tick cooking method for speed",
      "Bank cooked karambwans"
    ],
    "ironmanFriendly": true,
    "imageUrl": "",
    "difficulty": "Medium",
    "category": "Skilling",
    "requirements": ["30 Cooking", "Tai Bwo Wannai Trio"]
  },
  {
    "id": "fletching_dragon_darts",
    "name": "Fletching Dragon Darts",
    "description": "High-level fletching with excellent profit margins.",
    "gpPerHour": 1000000,
    "skillRequirements": {
      "fletching": 95
    },
    "itemRequirements": [
      "Dragon dart tips",
      "Feathers"
    ],
    "steps": [
      "Buy dragon dart tips and feathers",
      "Fletch at bank for efficiency",
      "Very fast XP and profit",
      "Sell completed dragon darts",
      "Monitor prices for best margins"
    ],
    "ironmanFriendly": false,
    "imageUrl": "",
    "difficulty": "Easy",
    "category": "Skilling",
    "requirements": ["95 Fletching", "High initial investment"]
  },
  {
    "id": "crafting_dhide_bodies",
    "name": "Crafting Dragonhide Bodies",
    "description": "Profitable crafting method with good XP rates.",
    "gpPerHour": 750000,
    "skillRequirements": {
      "crafting": 84
    },
    "itemRequirements": [
      "Black dragonhide",
      "Thread",
      "Needle"
    ],
    "steps": [
      "Buy black dragonhide leather",
      "Craft black d'hide bodies",
      "Bank efficiently",
      "Sell completed bodies",
      "Monitor market prices"
    ],
    "ironmanFriendly": false,
    "imageUrl": "",
    "difficulty": "Easy",
    "category": "Skilling",
    "requirements": ["84 Crafting"]
  },
  {
    "id": "thieving_elves",
    "name": "Thieving Elves (Prifddinas)",
    "description": "High-level thieving with crystal shards and good profit.",
    "gpPerHour": 1100000,
    "skillRequirements": {
      "thieving": 85
    },
    "itemRequirements": [
      "Rogue outfit (recommended)",
      "Dodgy necklaces",
      "Food for healing"
    ],
    "steps": [
      "Complete Song of the Elves quest",
      "Thieve from Trahaearn workers",
      "Collect crystal shards and coins",
      "Use dodgy necklaces to avoid stuns",
      "Bank regularly and heal as needed"
    ],
    "ironmanFriendly": true,
    "imageUrl": "",
    "difficulty": "Medium",
    "category": "Skilling",
    "requirements": ["85 Thieving", "Song of the Elves"]
  },
  {
    "id": "agility_rooftops",
    "name": "Rooftop Agility Courses",
    "description": "Agility training with marks of grace for graceful outfit and profit.",
    "gpPerHour": 300000,
    "skillRequirements": {
      "agility": 60
    },
    "itemRequirements": [
      "Graceful outfit (optional)",
      "Stamina potions"
    ],
    "steps": [
      "Complete highest level rooftop course",
      "Collect marks of grace",
      "Trade marks for graceful outfit pieces",
      "Sell extra marks or amylase crystals",
      "Seers' Village with hard diary is most profitable"
    ],
    "ironmanFriendly": true,
    "imageUrl": "",
    "difficulty": "Easy",
    "category": "Skilling",
    "requirements": ["Various agility levels"]
  },
  {
    "id": "slayer_gargoyles",
    "name": "Killing Gargoyles",
    "description": "Popular slayer monster with consistent drops and AFK combat.",
    "gpPerHour": 750000,
    "skillRequirements": {
      "attack": 75,
      "strength": 75,
      "defence": 75,
      "slayer": 75
    },
    "itemRequirements": [
      "Abyssal whip or better",
      "Rock hammer or Granite hammer",
      "Guthan's set for healing",
      "Prayer potions"
    ],
    "steps": [
      "Get gargoyle slayer task",
      "Travel to Slayer Tower",
      "Kill gargoyles using melee",
      "Use rock hammer to finish them",
      "Collect rune items and alchables"
    ],
    "ironmanFriendly": true,
    "imageUrl": "",
    "difficulty": "Medium",
    "category": "Combat",
    "requirements": ["75 Slayer", "Decent combat stats"]
  },
  {
    "id": "slayer_kurasks",
    "name": "Killing Kurasks",
    "description": "Slayer monster with valuable herb and seed drops.",
    "gpPerHour": 650000,
    "skillRequirements": {
      "slayer": 70,
      "attack": 70,
      "strength": 70,
      "defence": 70
    },
    "itemRequirements": [
      "Leaf-bladed battleaxe or sword",
      "Prayer potions",
      "Food for healing"
    ],
    "steps": [
      "Get kurask slayer task",
      "Use leaf-bladed weapons only",
      "Kill in Fremennik Slayer Dungeon",
      "Collect herbs, seeds, and other drops",
      "Bank regularly"
    ],
    "ironmanFriendly": true,
    "imageUrl": "",
    "difficulty": "Easy",
    "category": "Combat",
    "requirements": ["70 Slayer", "Leaf-bladed weapons"]
  },
  {
    "id": "slayer_dust_devils",
    "name": "Killing Dust Devils",
    "description": "Slayer monster with good drops and cannon potential.",
    "gpPerHour": 800000,
    "skillRequirements": {
      "slayer": 65,
      "attack": 70,
      "strength": 70,
      "defence": 70
    },
    "itemRequirements": [
      "Facemask or Slayer helmet",
      "Cannon (optional)",
      "Melee or ranged gear"
    ],
    "steps": [
      "Get dust devil slayer task",
      "Wear facemask for protection",
      "Use cannon for faster kills",
      "Collect rune items and herbs",
      "Catacombs location has ancient shards"
    ],
    "ironmanFriendly": true,
    "imageUrl": "",
    "difficulty": "Easy",
    "category": "Combat",
    "requirements": ["65 Slayer", "Face protection"]
  },
  {
    "id": "barrows",
    "name": "Barrows Brothers",
    "description": "Classic PvM content with valuable armor set rewards.",
    "gpPerHour": 1500000,
    "skillRequirements": {
      "attack": 70,
      "strength": 70,
      "defence": 70,
      "magic": 70,
      "prayer": 43
    },
    "itemRequirements": [
      "Trident of the seas/swamp",
      "Barrows teleport tablets",
      "Prayer potions",
      "Food for healing"
    ],
    "steps": [
      "Kill all 6 Barrows brothers",
      "Complete tunnel for chest",
      "Aim for 88% reward potential",
      "Use prayer to avoid damage",
      "Bank and repeat runs"
    ],
    "ironmanFriendly": true,
    "imageUrl": "",
    "difficulty": "Medium",
    "category": "Combat",
    "requirements": ["Decent combat stats", "Magic for Ahrim"]
  },
  {
    "id": "dagannoth_kings",
    "name": "Dagannoth Kings",
    "description": "Trio of bosses with valuable ring drops and consistent profit.",
    "gpPerHour": 2000000,
    "skillRequirements": {
      "attack": 80,
      "strength": 80,
      "defence": 80,
      "ranged": 80,
      "magic": 80
    },
    "itemRequirements": [
      "Tribrid combat setup",
      "Pet rock for entry",
      "Prayer potions",
      "High-level food"
    ],
    "steps": [
      "Bring tribrid gear for all three kings",
      "Use Waterbirth Island teleport",
      "Kill in rotation: Rex, Prime, Supreme",
      "Collect valuable ring drops",
      "Bank when supplies run low"
    ],
    "ironmanFriendly": true,
    "imageUrl": "",
    "difficulty": "Hard",
    "category": "Combat",
    "requirements": ["High combat stats", "Tribrid setup"]
  },
  {
    "id": "giant_mole",
    "name": "Killing Giant Mole",
    "description": "Solo boss with consistent drops and mole parts for bird nests.",
    "gpPerHour": 1200000,
    "skillRequirements": {
      "attack": 70,
      "strength": 70,
      "defence": 70
    },
    "itemRequirements": [
      "Dharok's set or high-level melee gear",
      "Falador teleports",
      "Prayer potions",
      "Food for healing"
    ],
    "steps": [
      "Enter Falador mole lair",
      "Track mole using locator",
      "Kill and collect mole parts",
      "Trade parts to Wyson for bird nests",
      "Bank and repeat"
    ],
    "ironmanFriendly": true,
    "imageUrl": "",
    "difficulty": "Easy",
    "category": "Combat",
    "requirements": ["Decent melee stats"]
  },
  {
    "id": "kbd",
    "name": "Killing King Black Dragon",
    "description": "Classic dragon boss with decent drops and pet chance.",
    "gpPerHour": 900000,
    "skillRequirements": {
      "ranged": 70,
      "defence": 70,
      "prayer": 43
    },
    "itemRequirements": [
      "Anti-dragon shield or DFS",
      "Ranged weapon and armor",
      "Antifire potions",
      "Prayer potions"
    ],
    "steps": [
      "Use lever to enter KBD lair",
      "Drink antifire and prayer potions",
      "Kill using ranged combat",
      "Collect dragonhide and other drops",
      "Bank using games necklace"
    ],
    "ironmanFriendly": true,
    "imageUrl": "",
    "difficulty": "Easy",
    "category": "Combat",
    "requirements": ["Anti-dragon protection", "Decent ranged"]
  }
]
